dimension,dimension_descripcion,subdimension,subdimension_descripcion,indicador,indicador_descripcion,indicador_codigo,metodo,fuentes
Productividad,"Con esta dimensión se quiere evaluar las condiciones para alcanzar la prosperidad, para lo cual se analiza indicadores sobre el desarrollo económico, la generación de empleo, el incremento de los ingresos y la creación de nuevas oportunidades laborales.",Empleo,descripción subdimensión,Empleo informal,"El empleo informal comprende todos los trabajos en empresas no registradas privadas o no incorporadas a pequeña escala (con menos de cinco empleados) que producen bienes y servicios para la venta. Esto cubre las unidades que emplean mano de obra no calificada contratada y aquellas operadas por individuos que trabajan por cuenta propia o como trabajadores por cuenta propia, ya sea solos o con la ayuda de familiares no remunerados (Organización Internacional del Trabajo, 2013a).",7,"Se utilizó la EH 2012, se calculó la población ocupada sin tomar en cuenta a la Empleadas del Hogar para cada Departamento sólo del área urbana. Luego se calculó el total de ocupados que son Cuenta Propias + Trabajadores Familiares + Semiempresariales donde existen menos de 5 personas. Se excluyen a los a profesionales y técnicos de apoyo. No incluye Servicio Doméstico (Empleadas de hogar). El dato oficial total de Bolivia el año 2012 es de 55.7% (Dossier UDAPE  2018); con este procedimiento se obtuvo 54.4%, se compensó la diferencia de 1.3% obtenida redistribuyéndola en cada ciudad. La distribución (estimación de PO sin empleadas e informales) por ciudad se realizó a través del porcentaje de Cuenta Propias + Trabajadores Familiares que representan del total de ocupados y la diferencia con el % de informales de la EH 2012.","INE - CNPV 2012, Dossier UDAPE - 2018, INE - EH 2012"
Productividad,"Con esta dimensión se quiere evaluar las condiciones para alcanzar la prosperidad, para lo cual se analiza indicadores sobre el desarrollo económico, la generación de empleo, el incremento de los ingresos y la creación de nuevas oportunidades laborales.",Empleo,descripción subdimensión,Tasa de desempleo,Personas que buscaron activamente empleo pero no lograron encontrarlo.,5,Se clasifica a la población por Condición de Actividad - 2012 Luego se divide la PDA entre la PEA - 2012   ,", INE - CNPV 2012"
Productividad,"Con esta dimensión se quiere evaluar las condiciones para alcanzar la prosperidad, para lo cual se analiza indicadores sobre el desarrollo económico, la generación de empleo, el incremento de los ingresos y la creación de nuevas oportunidades laborales.",Empleo,descripción subdimensión,Relación Empleo / Población,La Relación Empleo / Población es la proporción de la población en edad de trabajar de un país que está empleada,6,Se clasifica a la población por Condición de Actividad - 2012 Luego se divide a la Población Ocupada entre la población en edad de trabajar o personas de 10 años y más de edad (PET).,INE - CNPV 2012
Productividad,"Con esta dimensión se quiere evaluar las condiciones para alcanzar la prosperidad, para lo cual se analiza indicadores sobre el desarrollo económico, la generación de empleo, el incremento de los ingresos y la creación de nuevas oportunidades laborales.",Fortaleza Económica,descripción subdimensión,Ingreso medio del hogar,El ingreso promedio del hogar incluye el ingreso obtenido por el hogar promedio en una ciudad. Se calcula dividiendo el ingreso disponible de todos los hogares (según las encuestas de hogares) por el número de hogares de la ciudad.,3,Se obtiene el ingreso mensual total de los hogares por Departamento para el año 2016 También el número de hogares por Departamento - 2016 Luego se divide el ingreso mensual multiplicado por 12  entre el número de hogares. Este valor (el ingreso promedio anual por hogar) es dividido entre 6.91 (tipo de cambio del Banco Mundial) (Yhog$us.) Se transforma Yhog$us a PPP dividiéndolo entre el factor de conversión del Banco mundial --> YhogPPP anual,", EPF 2016 - INE, Banco Mundial - 2016"
Productividad,"Con esta dimensión se quiere evaluar las condiciones para alcanzar la prosperidad, para lo cual se analiza indicadores sobre el desarrollo económico, la generación de empleo, el incremento de los ingresos y la creación de nuevas oportunidades laborales.",Fortaleza Económica,descripción subdimensión,Producto per cápita de la ciudad,"El Producto per cápita de la Ciudad es la suma del valor agregado bruto (salarios más el excedente comercial más los impuestos menos las importaciones), o la demanda final total (consumo más inversión más exportaciones), en relación con la población total de la ciudad. Es la suma del valor agregado bruto (salarios más el excedente comercial más los impuestos menos las importaciones), o la demanda final total (consumo más inversión más exportaciones), en relación con la población total de la ciudad.",1,"Se obtiene el PIB 2012 a precios corrientes por Rama de Actividad Económica (RAEC) Se obtiene la Población Ocupada (PO) del CNPV 2012 por RAEC Hay que empalmar o asignar los ocupados a cada Rama del cuadro del PIB con la mayor precisión posible, debido a que las Ramas del PIB y de la PO no coinciden perfectamente Luego se divide el PIB entre el tipo de cambio del Banco Mundial --> PIB en $us. Con el factor de conversión a dólares PPP del Banco Mundial se obtiene el PIB por RAEC PPP Finalmente se divide este PIB en $us PPP entre la PO de cada Rama, así se tiene el PIB PPP por ocupado por Rama (PIBpo) Con estos valores se calcula el PIB de cada municipio asignándolos a cada ocupado de la misma y sumando Luego se divide el PIB total entre la Población total del municipio y así se obtiene el PIB PPP 2012 por persona de cada municipio",", INE - CNPV 2012, Banco Mundial (WB), INE - Cuentas Nacionales"
Productividad,"Con esta dimensión se quiere evaluar las condiciones para alcanzar la prosperidad, para lo cual se analiza indicadores sobre el desarrollo económico, la generación de empleo, el incremento de los ingresos y la creación de nuevas oportunidades laborales.",Fortaleza Económica,descripción subdimensión,Relación de dependencia -de la vejez-,La relación de dependencia de la vejez es la relación entre el número total de personas mayores (de 65 años o más) y el número de personas en edad de trabajar (de 15 a 64 años),2,Se obtienen los totales de población por grupos de edad (0-14; 15-64 y 65+ años) por municipio del año 2012 Dividir la población de 65+ años entre la población de 15-64 años.,INE - CNPV 2012
Productividad,"Con esta dimensión se quiere evaluar las condiciones para alcanzar la prosperidad, para lo cual se analiza indicadores sobre el desarrollo económico, la generación de empleo, el incremento de los ingresos y la creación de nuevas oportunidades laborales.",Aglomeración económica,descripción subdimensión,Densidad económica,La densidad económica es el producto (PIB) de la ciudad dividido por el área de la ciudad (kilómetros cuadrados).,4,Se tiene el valor del PIB en $us PPA - 2012 obtenido para cada ciudad en el indicador 111 El área de la mancha urbana 2012 es la que se considera para el denominador Finalmente se divide el PIB PPA entre la superficie de la mancha,", Estimaciones ONU-HABITAT en base a datos de Imágenes CENTINEL 2A y Google Earth., Indicador CPI 111"
Desarrollo de Infraestructura,"Esta dimensión pretende evaluar en términos cuantitativos el acceso a sistemas de soporte necesarios para el desarrollo de la vida de los ciudadanos y la práctica de actividades. Se miran elementos como redes de servicios básicos como agua potable, saneamiento, energía eléctrica, acceso a internet e infraestructuras públicas como vías y sistemas de transporte y movilidad.",Infraestructura social,descripción subdimensión,Densidad de médicos,"Número de médicos por cada 1.000 personas, en relación con la población total de la ciudad. Los médicos son médicos que estudian, diagnostican, tratan y previenen enfermedades, enfermedades, lesiones y otros trastornos físicos y mentales. Deterioros en humanos a través de la aplicación de la medicina moderna.",14,Se toma en cuenta la población total del municipio donde se encuentra la ciudad. Luego se divide el número de médicos entre esta población y se multiplica por 1.000 Es posible que se elimine para la siguiente versión del CPI,", https://bolivia.dotgiscorp.com/"
Desarrollo de Infraestructura,"Esta dimensión pretende evaluar en términos cuantitativos el acceso a sistemas de soporte necesarios para el desarrollo de la vida de los ciudadanos y la práctica de actividades. Se miran elementos como redes de servicios básicos como agua potable, saneamiento, energía eléctrica, acceso a internet e infraestructuras públicas como vías y sistemas de transporte y movilidad.",Infraestructura social,descripción subdimensión,Número de bibliotecas públicas,Número de bibliotecas públicas por cada 100.000 personas.,15,Se cuenta el número de Bibliotecas Públicas Luego se divide este número entre la población y se multiplica por 100.000 Es posible que se elimine para la siguiente versión del CPI,", INE - CNPV 2012, PDTIs municipales, Open Street Map"
Desarrollo de Infraestructura,"Esta dimensión pretende evaluar en términos cuantitativos el acceso a sistemas de soporte necesarios para el desarrollo de la vida de los ciudadanos y la práctica de actividades. Se miran elementos como redes de servicios básicos como agua potable, saneamiento, energía eléctrica, acceso a internet e infraestructuras públicas como vías y sistemas de transporte y movilidad.",Tecnologías de la Información y la Comunicación,descripción subdimensión,Acceso a Internet,"El acceso a Internet puede ser a través de una computadora, teléfonos móviles habilitados para Internet, TV digital, máquinas de juegos, etc. (Naciones Unidas, 2007). Los usuarios de Internet son personas con acceso a la red mundial, en relación con la población total. Es la proporción entre el número total de usuarios de Internet en una ciudad y la población total de la ciudad, expresada por cada 100 personas.",16,Se cuenta el número de hogares con conexión a internet en la vivienda - 2012 Luego se divide este número entre el total de hogares (HH) y se multiplica por 100  ,", INE - CNPV 2012"
Desarrollo de Infraestructura,"Esta dimensión pretende evaluar en términos cuantitativos el acceso a sistemas de soporte necesarios para el desarrollo de la vida de los ciudadanos y la práctica de actividades. Se miran elementos como redes de servicios básicos como agua potable, saneamiento, energía eléctrica, acceso a internet e infraestructuras públicas como vías y sistemas de transporte y movilidad.",Tecnologías de la Información y la Comunicación,descripción subdimensión,Acceso a la computadora en casa,"El porcentaje de hogares en una ciudad que posee computadoras domésticas en relación con el número total de hogares en la ciudad, expresado por cada 100 hogares. En el futuro, este indicador también cubrirá las tabletas y otros dispositivos móviles y fijos que tienen capacidades a nivel de computadora.",17,Se cuenta el número de hogares con computador en la vivienda - 2012 Luego se divide este número entre el total de hogares (HH) y se multiplica por 100  ,", INE - CNPV 2012"
Desarrollo de Infraestructura,"Esta dimensión pretende evaluar en términos cuantitativos el acceso a sistemas de soporte necesarios para el desarrollo de la vida de los ciudadanos y la práctica de actividades. Se miran elementos como redes de servicios básicos como agua potable, saneamiento, energía eléctrica, acceso a internet e infraestructuras públicas como vías y sistemas de transporte y movilidad.",Movilidad urbana,descripción subdimensión,Tiempo promedio de viaje diario,"El tiempo de viaje promedio estimado utilizando cualquier medio de transporte en minutos. Incluyendo viajes ""motorizados y no motorizados""",18,"Utilizando Google Maps se determinó cuáles eran las rutas más transitadas en cada ciudad. Se calculó el tiempo de transporte de estas rutas, para los 7 días de la semana en horas pico y normales. Luego se obtuvieron los promedios de tiempo de cada ruta solo para los días laborales (lun-vie). Finalmente, se promedió el tiempo de todas las rutas.",", Estimaciones ONU-HABITAT y VMVU en base a: Tiempos de recorrido y rutas óptimas Google Maps, noviembre 2019"
Desarrollo de Infraestructura,"Esta dimensión pretende evaluar en términos cuantitativos el acceso a sistemas de soporte necesarios para el desarrollo de la vida de los ciudadanos y la práctica de actividades. Se miran elementos como redes de servicios básicos como agua potable, saneamiento, energía eléctrica, acceso a internet e infraestructuras públicas como vías y sistemas de transporte y movilidad.",Movilidad urbana,descripción subdimensión,Longitud de la red de transporte masivo,"La longitud total de todos los modos superiores de transporte público; es decir, BRT, trolebús, tranvía, tren ligero y metro, teleféricos y transbordadores en relación con el tamaño de la ciudad (número de habitantes).
Este indicador se aplica a ciudades de más de 500,000 habitantes. Las ciudades intermedias con menos de 500,000 habitantes pueden lograr una movilidad eficiente a través de modos de transporte público de menor capacidad.",19,"Sólo se considera el transporte masivo en funcionamiento, en el caso de Bolivia el Teleférico. Se divide la longitud entre la población y se multiplica por 1 millón","Fuente: Elaboración ONU-Hábitat en base a datos del Gobierno Autónomo Municipal de La Paz -SITLAPAZ  y PLAN DE GESTION DE MOVILIDAD URBANA SOSTENIBLE (PMUS)PARA SANTA CRUZ DE LA SIERRA, VMVU DATOS DE CBA"
Desarrollo de Infraestructura,"Esta dimensión pretende evaluar en términos cuantitativos el acceso a sistemas de soporte necesarios para el desarrollo de la vida de los ciudadanos y la práctica de actividades. Se miran elementos como redes de servicios básicos como agua potable, saneamiento, energía eléctrica, acceso a internet e infraestructuras públicas como vías y sistemas de transporte y movilidad.",Movilidad urbana,descripción subdimensión,Fatalidades de tráfico,"Una fatalidad de tráfico se define como cualquier persona muerta inmediatamente o muere dentro de los 30 días como resultado de un accidente de tránsito. Esto se calcula como la proporción del número total de víctimas mortales causadas por accidentes de tránsito por año a la población total de la ciudad, expresada por 100,000 personas.",20,La información sólo existe a nivel Departamental  Se divide el número de fatalidades entre la población y se multiplica por 100.000 ,", INE - pág. Web."
Desarrollo de Infraestructura,"Esta dimensión pretende evaluar en términos cuantitativos el acceso a sistemas de soporte necesarios para el desarrollo de la vida de los ciudadanos y la práctica de actividades. Se miran elementos como redes de servicios básicos como agua potable, saneamiento, energía eléctrica, acceso a internet e infraestructuras públicas como vías y sistemas de transporte y movilidad.",Movilidad urbana,descripción subdimensión,Asequibilidad del transporte,Una ciudad próspera busca reducir el presupuesto familiar asignado para el transporte.,21,"Se estimó el costo promedio por viaje / tramo en transporte público. Se estimó el ingreso per cápita del quintil más pobre por ciudad. Se multiplicó el costo promedio del viaje (1) por 60 y se dividió entre el ingreso per cápita promedio del quintil más pobre. Luego se estandarizó este valor entre 0-100 utilizando como mínimo 4% y como máximo 26%, lo que implica que si el gasto es menor o igual a 4% el valor del índice es de 100 y; si el gasto estimado es  26% o más respecto del ingreso per cápita promedio del quintil más pobre el índice será igual a cero.",", EPF 2016 - INE"
Desarrollo de Infraestructura,"Esta dimensión pretende evaluar en términos cuantitativos el acceso a sistemas de soporte necesarios para el desarrollo de la vida de los ciudadanos y la práctica de actividades. Se miran elementos como redes de servicios básicos como agua potable, saneamiento, energía eléctrica, acceso a internet e infraestructuras públicas como vías y sistemas de transporte y movilidad.",Forma urbana,descripción subdimensión,Densidad de intersección de calles,"La posibilidad de caminar en una ciudad depende del tamaño de los bloques y las intersecciones que proporcionan lugares donde los autos deben detenerse y los peatones pueden cruzar. Cuanto mayor sea la densidad de intersección, más pequeños serán los bloques y más transitables serán el vecindario",22,Se cuenta el número de intersecciones de calles dentro de la Mancha Urbana Luego se divide este número entre el área de la Mancha ,", Estimaciones propias ONU-HABITAT, en base a Open Street Map, Estimaciones ONU-HABITAT en base a datos de Imágenes CENTINEL 2A, Open Street Map y Google Earth."
Desarrollo de Infraestructura,"Esta dimensión pretende evaluar en términos cuantitativos el acceso a sistemas de soporte necesarios para el desarrollo de la vida de los ciudadanos y la práctica de actividades. Se miran elementos como redes de servicios básicos como agua potable, saneamiento, energía eléctrica, acceso a internet e infraestructuras públicas como vías y sistemas de transporte y movilidad.",Forma urbana,descripción subdimensión,Densidad de calles,"Las rutas cortas y directas para peatones y ciclistas requieren una red altamente conectada de caminos y calles alrededor de bloques pequeños y permeables. Estas características son principalmente importantes para caminar y para la accesibilidad de las estaciones de tránsito, que pueden ser fácilmente desalentadas por los desvíos. (ITDP, 2013) Las ciudades que tienen espacios públicos y de calles adecuadas y mayor conectividad son más habitables y económicamente productivas (UNHabitat, 2013).",23,Se mide la longitud / el largo de las calles dentro de la Mancha Urbana Luego se divide este número entre el área de la Mancha,"Estimaciones propias ONU-HABITAT, en base a Open Street Map, Estimaciones ONU-HABITAT en base a datos de Imágenes CENTINEL 2A, Open Street Map y Google Earth."
Desarrollo de Infraestructura,"Esta dimensión pretende evaluar en términos cuantitativos el acceso a sistemas de soporte necesarios para el desarrollo de la vida de los ciudadanos y la práctica de actividades. Se miran elementos como redes de servicios básicos como agua potable, saneamiento, energía eléctrica, acceso a internet e infraestructuras públicas como vías y sistemas de transporte y movilidad.",Forma urbana,descripción subdimensión,Terrenos / tierra / superficie asignada a las calles,"Una proporción adecuada de terrenos dedicados a las calles puede garantizar suficiente espacio para tener un sistema de movilidad, ya que es en esas calles donde el desarrollo de un nuevo sistema de transporte público podría tener lugar en el futuro. Una ciudad próspera busca una asignación óptima de terrenos dedicados a las calles para garantizar un buen rendimiento del sistema de movilidad, compartir el espacio entre modos y evitar extensiones considerables de espacios dedicados a vehículos motorizados personales.",24,Se mide el ancho de las calles dentro de la Mancha Urbana Luego se divide este número entre el área de la Mancha,"Estimaciones propias ONU-HABITAT, en base a Open Street Map, Estimaciones ONU-HABITAT en base a datos de Imágenes CENTINEL 2A, Open Street Map y Google Earth."
Desarrollo de Infraestructura,"Esta dimensión pretende evaluar en términos cuantitativos el acceso a sistemas de soporte necesarios para el desarrollo de la vida de los ciudadanos y la práctica de actividades. Se miran elementos como redes de servicios básicos como agua potable, saneamiento, energía eléctrica, acceso a internet e infraestructuras públicas como vías y sistemas de transporte y movilidad.",Infraestructura de Vivienda,descripción subdimensión,Viviendas mejoradas,"Proporción de hogares que viven en una unidad de vivienda duradera, es decir, construida en un lugar no peligroso, y tiene una estructura permanente lo suficientemente adecuada para proteger a sus habitantes de condiciones climáticas extremas, como lluvia, calor, frío y humedad.",8,"Se calcula el número de viviendas con ocupantes presentes que tuvieron 3 materiales de construcción adecuados Pared: Ladrillo, bloque de cemento, hormigón o; Adobe, tapial revocado. Techo: Calamina o plancha metálica; Teja de arcilla, teja de cemento, fibrocemento; Losa de hormigón armado Piso: Machihembre; Parquet; Cerámica; Cemento; Mosaico, baldosa",INE - CNPV 2012
Desarrollo de Infraestructura,"Esta dimensión pretende evaluar en términos cuantitativos el acceso a sistemas de soporte necesarios para el desarrollo de la vida de los ciudadanos y la práctica de actividades. Se miran elementos como redes de servicios básicos como agua potable, saneamiento, energía eléctrica, acceso a internet e infraestructuras públicas como vías y sistemas de transporte y movilidad.",Infraestructura de Vivienda,descripción subdimensión,Acceso a agua mejorada,El porcentaje de hogares urbanos con acceso a una fuente mejorada de agua potable.,9,"Se calcula el número de viviendas con ocupantes presentes que obtienen agua segura Agua segura: procede de cañería de red, pileta pública o pozo con bomba",INE - CNPV 2012
Desarrollo de Infraestructura,"Esta dimensión pretende evaluar en términos cuantitativos el acceso a sistemas de soporte necesarios para el desarrollo de la vida de los ciudadanos y la práctica de actividades. Se miran elementos como redes de servicios básicos como agua potable, saneamiento, energía eléctrica, acceso a internet e infraestructuras públicas como vías y sistemas de transporte y movilidad.",Infraestructura de Vivienda,descripción subdimensión,Acceso a saneamiento mejorado,"Porcentaje de la población con acceso a instalaciones que separan higiénicamente las excretas humanas del contacto con humanos, animales e insectos.",10,Se calcula el número de viviendas con ocupantes presentes que  disponen de baño adecuado Baño adecuado: que tiene desagüe al alcantarillado público o cámara séptica,INE - CNPV 2012
Desarrollo de Infraestructura,"Esta dimensión pretende evaluar en términos cuantitativos el acceso a sistemas de soporte necesarios para el desarrollo de la vida de los ciudadanos y la práctica de actividades. Se miran elementos como redes de servicios básicos como agua potable, saneamiento, energía eléctrica, acceso a internet e infraestructuras públicas como vías y sistemas de transporte y movilidad.",Infraestructura de Vivienda,descripción subdimensión,Acceso a la electricidad,El porcentaje de hogares que están conectados a la red nacional y reciben un suministro continuo de electricidad.,11,Se calcula el número de viviendas con ocupantes presentes que disponen de energía eléctrica adecuada Energía eléctrica adecuada: que proviene de la red pública de electricidad.,INE - CNPV 2012
Desarrollo de Infraestructura,"Esta dimensión pretende evaluar en términos cuantitativos el acceso a sistemas de soporte necesarios para el desarrollo de la vida de los ciudadanos y la práctica de actividades. Se miran elementos como redes de servicios básicos como agua potable, saneamiento, energía eléctrica, acceso a internet e infraestructuras públicas como vías y sistemas de transporte y movilidad.",Infraestructura de Vivienda,descripción subdimensión,Área suficiente para vivir,"La proporción de hogares con menos de cuatro personas por habitación. El número total de tipos de habitaciones incluye dormitorios, comedores, salas de estar, estudios, áticos habitables, cuartos de servicio, cocinas y otros espacios separados destinados a vivienda (ONU-Hábitat, 2009).",12,"Se calcula el número de miembros del hogar sin tomar en cuenta a la empleada ni parientes de la misma Luego se divide este número de miembros entre el total de habitaciones Se cambió la variable, ahora se calcula el número de personas por dormitorio y se considera el porcentaje de HH que tienen hasta 2.5 personas por dormitorio. También se cambió el método de estandarización, ahora es simple, o sea no es necesario estandarizar, simplemente se toma el % de HH con 2.5 o menos personas por dormitorio",", INE - CNPV 2012"
Desarrollo de Infraestructura,"Esta dimensión pretende evaluar en términos cuantitativos el acceso a sistemas de soporte necesarios para el desarrollo de la vida de los ciudadanos y la práctica de actividades. Se miran elementos como redes de servicios básicos como agua potable, saneamiento, energía eléctrica, acceso a internet e infraestructuras públicas como vías y sistemas de transporte y movilidad.",Infraestructura de Vivienda,descripción subdimensión,Densidad de población,"Esto se define como la densidad bruta, es decir, la población total de la ciudad dividida por el área urbana total en kilómetros cuadrados.",13,Se divide a la población total entre el área de la MANCHA URBANA,INE - CNPV 2012
Calidad de Vida,"Con esta dimensión se pretende evaluar el acceso a servicios sociales, educación, salud, recreación y seguridad social, los cuales promueven un nivel de desarrollo adecuado para la sociedad y sus ciudadanos. ",Espacio Público,descripción subdimensión,Accesibilidad a espacios públicos abiertos,"Las dos funciones principales que debe proporcionar un área pública abierta son proporcionar un espacio de interacción social saludable y contribuir a la calidad del aire y un ambiente saludable (OMS, 2012).",34,"Se tomó en cuenta a todos los espacios públicos (abiertos, verdes) con un buffer de 400 m. Luego se dividió esta área (espacio público con buffer de 400m) entre el área de la mancha.","Estimaciones propias ONU-HABITAT, en base a Open Street Map, Estimaciones ONU-HABITAT en base a datos de Imágenes CENTINEL 2A, Open Street Map y Google Earth."
Calidad de Vida,"Con esta dimensión se pretende evaluar el acceso a servicios sociales, educación, salud, recreación y seguridad social, los cuales promueven un nivel de desarrollo adecuado para la sociedad y sus ciudadanos. ",Espacio Público,descripción subdimensión,Área verde por habitante,"Las áreas verdes se definen como áreas públicas y privadas que tienen flora como plantas, árboles y pastos (por ejemplo, bosques, parques, jardines)",35,Se tomó en cuenta a las áreas verdes públicas y privadas. Luego se dividió esta área (área verde) entre el área de la mancha.,"Estimaciones propias ONU-HABITAT, en base a Open Street Map, Estimaciones ONU-HABITAT en base a datos de Imágenes CENTINEL 2A, Open Street Map y Google Earth."
Calidad de Vida,"Con esta dimensión se pretende evaluar el acceso a servicios sociales, educación, salud, recreación y seguridad social, los cuales promueven un nivel de desarrollo adecuado para la sociedad y sus ciudadanos. ",Salud,descripción subdimensión,Esperanza de vida al nacer,"Número promedio de años que un recién nacido esperaría vivir si estuviera sujeto a las tasas de mortalidad específicas por edad de un período determinado (Naciones Unidas, 2007).",25,El dato viene calculado a nivel de Departamental  para el año 2016  ,", La Mortalidad Infantil y en la Niñez en Bolivia: Estimaciones por Departamento y Municipio. UDAPE, 2018, INE - página web"
Calidad de Vida,"Con esta dimensión se pretende evaluar el acceso a servicios sociales, educación, salud, recreación y seguridad social, los cuales promueven un nivel de desarrollo adecuado para la sociedad y sus ciudadanos. ",Salud,descripción subdimensión,Tasa de mortalidad de menores de cinco años,"Es la probabilidad de que un niño nazca en un año o período específico muera antes de cumplir cinco años, sujeto a las tasas de mortalidad específicas por edad de ese período",26,El dato viene calculado a nivel de Municipio para el año 2016,"La Mortalidad Infantil y en la Niñez en Bolivia: Estimaciones por Departamento y Municipio. UDAPE, 2018"
Calidad de Vida,"Con esta dimensión se pretende evaluar el acceso a servicios sociales, educación, salud, recreación y seguridad social, los cuales promueven un nivel de desarrollo adecuado para la sociedad y sus ciudadanos. ",Salud,descripción subdimensión,Cobertura de vacunación,"El objetivo de la inmunización es reducir la morbilidad y la mortalidad debidas a enfermedades transmisibles. Además, una menor cobertura de vacunación puede tener consecuencias a largo plazo en términos de ausencias, menor productividad y mayores costos médicos",27,La información sólo existe a nivel Municipal para el año 2016 Se divide el número de niños vacunados entre el total de niños menores de un años de edad y se multiplica por 100,https://bolivia.dotgiscorp.com/
Calidad de Vida,"Con esta dimensión se pretende evaluar el acceso a servicios sociales, educación, salud, recreación y seguridad social, los cuales promueven un nivel de desarrollo adecuado para la sociedad y sus ciudadanos. ",Educación,descripción subdimensión,Tasa de alfabetización,"Las Naciones Unidas y los Objetivos de Desarrollo del Milenio (ODM) afirman que ""la alfabetización es crucial para la adquisición, por parte de todos los niños, jóvenes y adultos, de habilidades esenciales que les permitan abordar los desafíos que enfrentan en la vida"" (UNESCO, 2014) .",28,Se calcula la población de 15 años y más que sabe leer y escribir Se divide esta población (alfabetos) entre el total de personas de 15+.,INE - CNPV 2012
Calidad de Vida,"Con esta dimensión se pretende evaluar el acceso a servicios sociales, educación, salud, recreación y seguridad social, los cuales promueven un nivel de desarrollo adecuado para la sociedad y sus ciudadanos. ",Educación,descripción subdimensión,Años promedio de escolaridad,"La educación, la experiencia y las habilidades de un empleado tienen un valor económico para los empleadores y para la economía en general . Las ciudades con mayores niveles de capital humano tienden a tener mayores niveles de crecimiento económico, así como una mayor productividad. Esta productividad generalmente se refleja en salarios más altos para toda la población. (Psacharopolous y Arriagada, 1986).",29,Se calcula el número de años de estudio aprobados para la población de 25 años y más de edad. Luego se promedia los resultados de cada persona dentro de cada ciudad.,INE - CNPV 2012
Calidad de Vida,"Con esta dimensión se pretende evaluar el acceso a servicios sociales, educación, salud, recreación y seguridad social, los cuales promueven un nivel de desarrollo adecuado para la sociedad y sus ciudadanos. ",Educación,descripción subdimensión,Educación de la primera infancia,Niños pequeños que disfrutan de experiencias tempranas positivas son más capaces de desarrollar las habilidades que los preparan para la educación superior y la vida posterior.,30,"Se utiliza la población de 4 y 5 años de edad, en la Base del CNPV 12 De ella se obtiene el porcentaje que asiste a educación inicial, pre kínder o kínder (el factor de distribución para ciudades se obtiene aquí) En la EH 2012 existe una pregunta para las personas de 0-5 años: asiste o asistió a algún centro infantil o de aprendizaje temprano? (No incluye pre kínder ni kínder) a los que respondieron si se les añade los que si asisten a kínder y pre kínder. Así se obtiene el total de asistentes a educación infantil en la EH12 Finalmente se distribuye el porcentaje de asistentes entre el total de la población de  0-5 años de edad.",", INE - CNPV 2012, EH 2012"
Calidad de Vida,"Con esta dimensión se pretende evaluar el acceso a servicios sociales, educación, salud, recreación y seguridad social, los cuales promueven un nivel de desarrollo adecuado para la sociedad y sus ciudadanos. ",Educación,descripción subdimensión,Tasa neta de matrícula en educación superior,"Las personas con niveles más altos de educación tienen mayores posibilidades de encontrar un trabajo y, por lo general, obtienen más beneficios, como salarios más altos en el mercado laboral y mejores resultados sociales y de salud en comparación con las personas sin ese nivel de educación (Heckman et al., 2011).",31,"Se utilizó la población de 19 y 24 años de edad. De ella se obtiene el porcentaje que aprobó al menos un año de educación superior Con la EH 2012 se calculó el % de pob. 19-24 años que se inscribió a algún curso de educación superior (normal, universidad pública, universidad privada, postgrado diplomado, maestría, técnico de universidad, instituto de formación militar y policial) Luego se distribuyó estos % por ciudades utilizando el % obtenido del CNPV que si aprobó algún curso de educación superior, manteniendo el valor de la EH 2012 cuando se trataba de ciudades capitales.",", INE - CNPV 2012"
Calidad de Vida,"Con esta dimensión se pretende evaluar el acceso a servicios sociales, educación, salud, recreación y seguridad social, los cuales promueven un nivel de desarrollo adecuado para la sociedad y sus ciudadanos. ",Seguridad y protección,descripción subdimensión,Tasa de homicidios,Número de muertes intencionales e ilegales (homicidio) infligidas intencionalmente a una persona por otra persona.,32,"Existe el dato de homicidios por municipio al año 2017. Lamentablemente no se consiguió la información para los municipios que complementan las regiones metropolitanas (RM). La información nueva del OBSC parece poco consistente, por ello se utiliza la información anterior de la misma fuente oficial.",", Fuente: OBSCD sobre la base de información del Comando General de la Policía Boliviana, 2019"
Calidad de Vida,"Con esta dimensión se pretende evaluar el acceso a servicios sociales, educación, salud, recreación y seguridad social, los cuales promueven un nivel de desarrollo adecuado para la sociedad y sus ciudadanos. ",Seguridad y protección,descripción subdimensión,Tasa de robo,"Número de robos denunciados que afectan a personas, lugares de residencia y comercio; y de vehículos y motos.",33,"Se utilizó el dato de robos a personas por Departamento del año 2016 del INE. Luego se divide este número entre la población total del Departamento y se multiplica por 100.000 Se consiguió información del OBSC para los años 2015 y 2015 por municipio. Aunque los datos son poco consistentes, están desagregados a nivel Municipio. Enviaron la tasa de Delitos contra la Propiedad por cada 10 mil habitantes (abigeato, hurto, robo, robo agravado) Con ello se estimó el número de robos en el Municipio respectivo. ",", INE - Página Web, OBSC - fotografías"
Equidad e Inclusión Social,"En esta dimensión se pretende medir los niveles de equidad e inclusión social, pues se entiende que para alcanzar el potencial de prosperidad de la sociedad deben combatirse temas que afectan a su población en cuanto a niveles de pobreza o marginación, entornos urbanos informales y en condiciones deficitarias. Es importante ir avanzando y alcanzar la igualdad en el acceso a los beneficios de vivir en una ciudad para todos sus habitantes.",Equidad Económica,descripción subdimensión,Incidencia de pobreza,"La línea internacional de pobreza extrema se establece en $ 1.25 PPP por, medido en precios internacionales",37,"Se calcula el valor de la línea de pobreza en bolivianos por mes Se compara el ingreso per cápita con esta línea y se establece el porcentaje de población que se encuentra bajo la línea Se estimó el valor de la línea de pobreza igual a $us. 1.90 PPA persona/día. Para ello se multiplica por 30 días (da 57 $us PPA), a estos 57 $usPPA se los MULTIPLICA por el Factor de conversión  de PPA, consumo del sector privado (UMN por $ a precios internacionales) Con ello se obtuvo que el valor de la línea de pobreza en Bs/persona/mes es igual a Bs. 169.6 o Bs. 5.65/día. Valor mucho menor respecto de la línea de pobreza extrema urbana nacional Así se calculó la incidencia de pobreza, comparando el ingreso per cápita del hogar contra el valor de esta nueva línea. En Tarija el menor ingreso per cápita del hogar fue de Bs. 412, por lo que se reemplazó ese valor con el de la incidencia urbana total Finalmente, se distribuyó la incidencia a ciudades utilizando el inverso del factor de distribución de activos (ver indicador 113)",", EPF 2016 - INE"
Equidad e Inclusión Social,"En esta dimensión se pretende medir los niveles de equidad e inclusión social, pues se entiende que para alcanzar el potencial de prosperidad de la sociedad deben combatirse temas que afectan a su población en cuanto a niveles de pobreza o marginación, entornos urbanos informales y en condiciones deficitarias. Es importante ir avanzando y alcanzar la igualdad en el acceso a los beneficios de vivir en una ciudad para todos sus habitantes.",Equidad Económica,descripción subdimensión,Coeficiente de GINI,El coeficiente de Gini es un indicador ampliamente conocido para medir la desigualdad del ingreso en la distribución del ingreso (o gasto de consumo),36,"Se calcula el ingreso per cápita del hogar. Con esta variable se calcula el coeficiente de Gini. Se calculó el Gini con la EH-2012, por Departamento y área. Se tomó como base el resultado del área urbana por departamento. Luego, se obtuvo la desviación estándar de la valoración de activos por ciudad (ver indicador 113). Con esta SD se distribuyó / ajustó el Gini apara cada ciudad. El total de las regiones metropolitanas es igual al Gini del área urbana del Departamento. El total de las 20 ciudades es igual al Gini total del área urbana.",", EH - 2012, CNPV 2012, EPF 2016 - INE"
Equidad e Inclusión Social,"En esta dimensión se pretende medir los niveles de equidad e inclusión social, pues se entiende que para alcanzar el potencial de prosperidad de la sociedad deben combatirse temas que afectan a su población en cuanto a niveles de pobreza o marginación, entornos urbanos informales y en condiciones deficitarias. Es importante ir avanzando y alcanzar la igualdad en el acceso a los beneficios de vivir en una ciudad para todos sus habitantes.",Inclusión social,descripción subdimensión,Hogares en tugurios,"Las desigualdades espaciales generalmente se expresan como segregación de ciertos grupos de población, lo que puede indicar pobreza y condiciones de vida inadecuadas (Naciones Unidas, 2007).",38,"Población en casas sin: acceso a agua mejorada o; acceso a sanitarios mejorados o; área suficiente (hacinamiento). Si el hogar reside en una vivienda con uno o más: materiales de construcción malos, agua no segura o, saneamiento inadecuado o, hacinamiento se considera que vive en un tugurio.",INE - CNPV 2012
Equidad e Inclusión Social,"En esta dimensión se pretende medir los niveles de equidad e inclusión social, pues se entiende que para alcanzar el potencial de prosperidad de la sociedad deben combatirse temas que afectan a su población en cuanto a niveles de pobreza o marginación, entornos urbanos informales y en condiciones deficitarias. Es importante ir avanzando y alcanzar la igualdad en el acceso a los beneficios de vivir en una ciudad para todos sus habitantes.",Inclusión social,descripción subdimensión,Desempleo juvenil,Una ciudad próspera e inclusiva debería poder brindar oportunidades de empleo a los jóvenes residentes.,39,Se clasifica a la población de 15-24 años (considerada juvenil en este caso) por condición de actividad. Con ello se calcula la tasa de desempleo abierta. Se calculó la tasa de desempleo para personas de 15-24 años de edad del área urbana en la Encuesta a Hogares 2012 por Departamento. Luego se distribuyó esta tasa de acuerdo con la tasa de desempleo que se obtuvo con el CNPV 2012. Se mantuvo el valor del CNPV12 para Cobija ya que la TDA juvenil salió cero con la EH2012,", INE - CNPV 2012"
Equidad e Inclusión Social,"En esta dimensión se pretende medir los niveles de equidad e inclusión social, pues se entiende que para alcanzar el potencial de prosperidad de la sociedad deben combatirse temas que afectan a su población en cuanto a niveles de pobreza o marginación, entornos urbanos informales y en condiciones deficitarias. Es importante ir avanzando y alcanzar la igualdad en el acceso a los beneficios de vivir en una ciudad para todos sus habitantes.",Inclusión de Género,descripción subdimensión,Equidad en la matriculación en secundaria,"Asegurar la inscripción equitativa en la educación secundaria afectará directamente el bienestar de la sociedad debido a sus efectos de larga duración, ya que la educación es fundamental para facilitar el desarrollo a largo plazo. La educación femenina crea poderosas sinergias que reducen la pobreza y produce enormes ganancias intergeneracionales.",40,Sólo se tiene información de cobertura neta a nivel Departamental. Con esta información se realizó un ratio de comparación.,http://seie.minedu.gob.bo/
Equidad e Inclusión Social,"En esta dimensión se pretende medir los niveles de equidad e inclusión social, pues se entiende que para alcanzar el potencial de prosperidad de la sociedad deben combatirse temas que afectan a su población en cuanto a niveles de pobreza o marginación, entornos urbanos informales y en condiciones deficitarias. Es importante ir avanzando y alcanzar la igualdad en el acceso a los beneficios de vivir en una ciudad para todos sus habitantes.",Inclusión de Género,descripción subdimensión,Mujeres en el gobierno local,"La tasa de representación femenina en los puestos de toma de decisiones, es decir, dentro de la alcaldía de la ciudad y las oficinas del consejo, es una medida de la igualdad y equidad de género establecida por la ONU para observar la inclusión de las mujeres en la vida sociopolítica de una nación y sus ciudades.",41,Se revisaron las páginas web de los gobiernos municipales y otras para encontrar la composición de los consejos municipales Con esta información se realizó un ratio de comparación.,"Páginas web municipios, "
Equidad e Inclusión Social,"En esta dimensión se pretende medir los niveles de equidad e inclusión social, pues se entiende que para alcanzar el potencial de prosperidad de la sociedad deben combatirse temas que afectan a su población en cuanto a niveles de pobreza o marginación, entornos urbanos informales y en condiciones deficitarias. Es importante ir avanzando y alcanzar la igualdad en el acceso a los beneficios de vivir en una ciudad para todos sus habitantes.",Inclusión de Género,descripción subdimensión,Mujeres en la fuerza laboral local,"La proporción de mujeres en la fuerza laboral es la proporción de mujeres trabajadoras en el sector no agrícola expresada como porcentaje del empleo total de la ciudad.
Este indicador es consistente con los Objetivos de Desarrollo del Milenio 3: ""Promover la igualdad de género y empoderar a las mujeres"".
El índice se obtiene dividiendo el número de mujeres en el empleo remunerado no agrícola por el número total de personas en el empleo remunerado en el sector no agrícola y multiplicándolo por 100 (Naciones Unidas, 2007).",42,Se clasifica a la población ocupada por situación en el empleo y actividad económica. Luego se descartan aquellos que trabajan como trabajadores familiares y a los trabajadores agropecuarios. Con los ocupados restantes se calcula la proporción que son mujeres.,", INE - CNPV 2012"
Sostenibilidad Ambiental,"Es importante medir los impactos, degradación, regeneración o conservación de ciudades, que surgen como resultado de los efectos del crecimiento de las ciudades, su expansión y el consumo que implican sobre el entorno natural.",Calidad del aire,descripción subdimensión,Concentración de PM10,"En la actualidad, la mayoría de los sistemas de monitoreo de calidad del aire generan datos basados ??en la medición de PM10 e incluyen tanto partículas gruesas (tamaño de partícula entre 2.5 y 10 ?g) como partículas finas. Son emitidos por los hogares, las centrales eléctricas de la industria, el transporte, entre otros, pueden penetrar en los pulmones y causar problemas de salud.",44,"Luego de revisar los datos de PM2.5, se compararon los mismos entre los obtenidos de la NASA y el Min. De Medio Ambiente Debido a que los valores de ambas fuentes daban valores muy altos se desecho el uso de PM2.5 Se sustituyó con el valor de PM10 del Min. De Medio Ambiente y, se utilizó el método de estandarización de Colombia, donde el máximo es de 70 µg/m3 y el mínimo 10 Con ello se obtuvieron valores más razonables. Para Sacaba y Montero se convirtió el dato de PM2.5 de la NASA a PM10 con el inverso del factor de conversión (0.541) Se obtuvieron datos de concentración de PM10 de varios años en las distintas ciudades. Se utilizó el promedio de PM10 anual o, en caso de no disponer de esa información se usó el dato más frecuente. Con el factor de conversión de PM10 a PM2.5 se obtuvo el dato. Se consiguió información a nivel de ciudades para el año 2014 de la NASA, del nivel de partículas PM 2.5",", NASA, 2014
https://gs614-avdc1-pz.gsfc.nasa.gov/pub/tmp/WHO_PM25_2014_COUNTRY_DATA/, http://snia.mmaya.gob.bo/web/modulos/PNGCA/#, Burden of disease from urban outdoor air pollution for 2008; WHO"
Sostenibilidad Ambiental,"Es importante medir los impactos, degradación, regeneración o conservación de ciudades, que surgen como resultado de los efectos del crecimiento de las ciudades, su expansión y el consumo que implican sobre el entorno natural.",Calidad del aire,descripción subdimensión,Número de estaciones de monitoreo,"El monitoreo de la calidad del aire se realiza para evaluar el alcance de la contaminación, garantizar el cumplimiento de la legislación nacional, evaluar las opciones de control y proporcionar datos para el modelado de la calidad del aire.",43,Se contó el número de estaciones automáticas de monitoreo de calidad del aire De acuerdo con el nivel de contaminación y el tamaño de población se estableció el número máximo de estaciones Se comparó el número existente con el máximo,", http://snia.mmaya.gob.bo/web/modulos/PNGCA/#"
Sostenibilidad Ambiental,"Es importante medir los impactos, degradación, regeneración o conservación de ciudades, que surgen como resultado de los efectos del crecimiento de las ciudades, su expansión y el consumo que implican sobre el entorno natural.",Calidad del aire,descripción subdimensión,Emisiones de CO2,"El dióxido de carbono (CO2) es el gas de efecto invernadero más representativo (GEI). Desde la revolución industrial, la concentración de este gas en la atmósfera ha aumentado dramáticamente (Banco Mundial, 2014). Se cree que los mayores volúmenes de CO2 y otros gases de efecto invernadero emitidos por la quema de combustibles fósiles, la limpieza de tierras, la agricultura y otras actividades humanas son las fuentes principales del calentamiento global que se ha producido en los últimos 50 años.",45,"Se utilizó la información la plataforma EDGAR - Emissions Database for Global Atmospheric Research Se consideró solamente las fuentes de emisión: IND - Combustión for manufacturing: 1A2 / 1A2
RCO - Energy for buildings: 1A4 / 1A4+1A5
TRO - Road transportation: 1A3b / 1A3b Esto se debe a que son los principales factores contaminantes en las ciudades, además porque explican aproximadamente 65% del total de emisiones de CO2 a nivel Bolivia, lo que implica que es mucho más representativo a nivel de ciudades Se estimó la producción de CO2 en cada ciudad sumando el valor de los puntos correspondientes a cada una por medio de revisión geográfica. Finalmente al valor total de CO2 obtenido se dividió entre la población total.",", https://edgar.jrc.ec.europa.eu/overview.php?v=booklet2019&dst=CO2pc&sort=asc9: año 2012, en toneladas métricas , Fuente: ONU-Hábitat en base a datos de la plataforma EDGAR - Emissions Database for Global Atmospheric Research"
Sostenibilidad Ambiental,"Es importante medir los impactos, degradación, regeneración o conservación de ciudades, que surgen como resultado de los efectos del crecimiento de las ciudades, su expansión y el consumo que implican sobre el entorno natural.",Gestión de Residuos,descripción subdimensión,Recolección de residuos sólidos,"Parte de los residuos recolectados por la ciudad y eliminados adecuadamente ya sea en rellenos sanitarios, sitios de incineración o en instalaciones de reciclaje reguladas. Expresado en términos del volumen total de residuos generados por la ciudad.",46,Se utilizó la información del MMyA del año 2010,Diagnóstico de la Gestión de Residuos Sólidos en Bolivia; MMyA - 2010
Sostenibilidad Ambiental,"Es importante medir los impactos, degradación, regeneración o conservación de ciudades, que surgen como resultado de los efectos del crecimiento de las ciudades, su expansión y el consumo que implican sobre el entorno natural.",Gestión de Residuos,descripción subdimensión,Tratamiento de aguas residuales,"El tratamiento de aguas residuales urbanas es una acción clave para mitigar el impacto de la vida urbana en el medio ambiente al reducir la contaminación del agua. Este tratamiento es un proceso para convertir las aguas residuales, que ya no es necesario o adecuado para su uso más reciente, en un efluente que puede devolverse al ciclo del agua con problemas ambientales mínimos o reutilizarse.",47,"El indicador ya viene calculado. Se utilizó la información del MMyA - AAPS del año 2017. Existen varias observaciones. El indicador muestra la relación porcentual entre el volumen de aguas residuales que son sometidas a tratamiento y el volumen total estimado de aguas residuales producidas en el área de prestación de servicio de agua. El objeto es el de minimizar impactos negativos sobre el medio ambiente y la salud de la población. De acuerdo a la normativa de construcción se establece que el 80 % del agua que ingresa a los domicilios sale al alcantarillado sanitario, por lo que es responsabilidad de la EPSA y del GAM correspondiente, que se trate la mayor cantidad de agua residual. ","Unidad de Fiscalización y Seguimiento Regulatorio; Dirección de Estrategias Regulatorias; Autoridad de Fiscalización y Control Social de Agua Potable y Saneamiento Básico, , Indicadores de Desempeño de las EPSA reguladas en Bolivia 2017, http://www.aaps.gob.bo/images/archivos_aaps/indicadores/Indicadores-AAPS-2017.pdf"
Sostenibilidad Ambiental,"Es importante medir los impactos, degradación, regeneración o conservación de ciudades, que surgen como resultado de los efectos del crecimiento de las ciudades, su expansión y el consumo que implican sobre el entorno natural.",Gestión de Residuos,descripción subdimensión,Proporción de residuos sólidos reciclados,"La tasa de reciclaje es el tonelaje reciclado de los residuos municipales dividido por el total de los residuos municipales que surgen. El reciclaje incluye materiales de reciclaje, compostaje y digestión anaeróbica. Los residuos municipales consisten principalmente en residuos generados por los hogares, pero también pueden incluir residuos similares generados por pequeñas empresas e instituciones públicas y recolectados por el municipio;",48,"Sólo existen datos de la ciudad de La Paz Se utilizó el dato del año 2017, porque el reciclaje comenzó desde el 2015 Las demás ciudades tienen un valor de cero porque no existe información","Anuario Estadístico del Gobierno Autónomo Municipal de La Paz - 2017
https://www.lapaz.bo/ciudadmaravilla/anuarios/, "
Sostenibilidad Ambiental,"Es importante medir los impactos, degradación, regeneración o conservación de ciudades, que surgen como resultado de los efectos del crecimiento de las ciudades, su expansión y el consumo que implican sobre el entorno natural.",Energía Adecuada,descripción subdimensión,Proporción de energías renovables,"Una ciudad próspera busca mejorar la sostenibilidad del consumo de energía y reducir las emisiones de energía.
Generación mediante el uso de fuentes de energía limpias y renovables.",49,"Solo existe el dato de producción de energía por tipo de combustible por planta generadora Se consideró como fuentes renovables a la energía generada por fuentes eólicas, solares y biomasa Se utilizó el dato del año 2018 de la Autoridad de Electricidad y se copió el valor obtenido a cada ciudad porque no es posible discriminar el consumo por ciudad","Anuario Estadístico del Sector Eléctrico - 2018; Autoridad de Fiscalización y Control Social de Electricidad (AE), https://sawi.ae.gob.bo/docfly/app/webroot/uploads/IMG-ANUARIO-cpelaez-2019-09-16-Libro%20Anuario%20AE%202018%20FINAL_web.pdf, "
Gobernanza Urbana y Legislación,"Con esta dimensión se quiere medir la disponibilidad de instrumentos de gobernanza, políticas, normativa, regulaciones y marcos de actuación institucional, que deben permitir la implementación de acciones coordinadas para alcanzar la prosperidad en las ciudades. ",Participación,descripción subdimensión,Acceso a la información pública,"La responsabilidad es una medida de responsabilidad que se encuentra entre las autoridades locales y los residentes de la ciudad, que se basa en la responsabilidad, la transparencia, el buen gobierno y la aplicación.
El fácil acceso a la información sobre las operaciones del gobierno local es fundamental para mejorar la responsabilidad del gobierno al minimizar las oportunidades de corrupción dentro del gobierno local y ayudar a examinar las realidades locales y las condiciones específicas que perpetúan la corrupción.",51,"Se observó si los gobiernos municipales tienen en su pág. Web: 1. Gastos e ingresos, 2. Salarios de ejecutivos3. Organigrama, 4. Copias de contratos y licitaciones, 5. Acceso a estadísticas,  6. Colocar noticias públicas, resoluciones, 7. Quejas, preocupaciones y emergencias8. resultados de las elecciones locales, 9. información impositiva y, 10. procedimientos de licitaciones abiertas,  Luego se obtuvo el porcentaje de los elementos disponibles.",", Páginas web de los municipios"
Gobernanza Urbana y Legislación,"Con esta dimensión se quiere medir la disponibilidad de instrumentos de gobernanza, políticas, normativa, regulaciones y marcos de actuación institucional, que deben permitir la implementación de acciones coordinadas para alcanzar la prosperidad en las ciudades. ",Participación,descripción subdimensión,Participación electoral,"Una ciudad próspera busca motivar a los votantes elegibles a participar en todas las elecciones y, por lo tanto, promover prácticas democráticas y aumentar la posibilidad de que los sistemas políticos reflejen la voluntad de la mayoría y que el gobierno de la ciudad tenga un alto grado de legitimidad.",50,Se obtuvieron datos de la población habilitada para votar y los que efectivamente votaron. Con esta información se calculó el porcentaje de participación para las elecciones del año 2017,", Elección de Altas Autoridades Judiciales y Tribunal Constitucional 2017; CNE."
Gobernanza Urbana y Legislación,"Con esta dimensión se quiere medir la disponibilidad de instrumentos de gobernanza, políticas, normativa, regulaciones y marcos de actuación institucional, que deben permitir la implementación de acciones coordinadas para alcanzar la prosperidad en las ciudades. ",Financiamiento Municipal y Capacidad Institucional,descripción subdimensión,Recaudación de ingresos propios,Una ciudad próspera busca generar sus propios ingresos y reducir la dependencia de las transferencias del gobierno. Una mayor autonomía fiscal garantiza una mayor eficiencia del gasto y se puede utilizar como indicador de desempeño fiscal local.,52,"Se utilizó la información del Atlas Fiscal de UDAPE, los datos presentados corresponden al año 2017. Como Ingresos Propios se sumaron los valores devengados, a nivel municipal de: 11000 Ingresos de Operación; 12000 Venta de bienes y servicios de las Administraciones Públicas; 13000 Ingresos por impuestos; 15000 Tasas, Derechos y Otros Ingresos; 16000 Intereses y otras Rentas de la Propiedad Se calculó la información nuevamente para el año 2012",", Atlas Fiscal, Volumen 22, UDAPE. 2019."
Gobernanza Urbana y Legislación,"Con esta dimensión se quiere medir la disponibilidad de instrumentos de gobernanza, políticas, normativa, regulaciones y marcos de actuación institucional, que deben permitir la implementación de acciones coordinadas para alcanzar la prosperidad en las ciudades. ",Financiamiento Municipal y Capacidad Institucional,descripción subdimensión,Deuda Subnacional,Una ciudad próspera busca endeudarse y administrar de manera sostenible el financiamiento de su deuda y utilizar efectivamente los préstamos para facilitar proyectos que tienen gran impacto en la ciudad y sus habitantes.,53,"Se utilizó información del Ministerio de Economía y Finanzas Públicas La deuda es la suma del pasivo corriente y  no corriente de cada municipio Los datos son expresados a nivel Municipal y para el año 2012, aunque existe información hasta el 2017",", Boletín N°4 de Estadísticas Fiscales de las Entidades Territoriales Autónomas (ETA) y Universidades Públicas (UP) - 2017; Ministerio de Economía y Finanzas Públicas"
Gobernanza Urbana y Legislación,"Con esta dimensión se quiere medir la disponibilidad de instrumentos de gobernanza, políticas, normativa, regulaciones y marcos de actuación institucional, que deben permitir la implementación de acciones coordinadas para alcanzar la prosperidad en las ciudades. ",Financiamiento Municipal y Capacidad Institucional,descripción subdimensión,Eficiencia del gasto local,La proporción del gasto real con respecto al presupuesto estimado puede indicar la capacidad de los gobiernos locales para anticipar sus gastos futuros y mejorar el uso de sus recursos.,54,"Se utilizó la información del Atlas Fiscal de UDAPE, los datos presentados corresponden al año 2017. Se dividió el Gasto Ejecutado entre el Programado Se calculó la información nuevamente para el año 2012",", Atlas Fiscal, Volumen 22, UDAPE. 2019."
Gobernanza Urbana y Legislación,"Con esta dimensión se quiere medir la disponibilidad de instrumentos de gobernanza, políticas, normativa, regulaciones y marcos de actuación institucional, que deben permitir la implementación de acciones coordinadas para alcanzar la prosperidad en las ciudades. ",Gobernanza de la Urbanización,descripción subdimensión,Eficiencia en el uso del suelo,"Con frecuencia, el crecimiento físico de las áreas urbanas es desproporcionado en relación con el crecimiento de la población, y esto resulta en un uso del suelo que es inútil en diferentes formas.
Relación entre la tasa de consumo de la tierra y la tasa de crecimiento de la población. El indicador de la eficiencia del uso de la tierra mide, compara y monitorea la relación entre el consumo de la tierra y el crecimiento de la población para que los tomadores de decisiones puedan seguir y gestionar el crecimiento urbano en múltiples escalas para promover la expansión urbana ordenada.",55,La tasa de crecimiento promedio anual de la población intercensal (2012 - 2001) proviene del CNPV - INE El crecimiento promedio anual de la superficie también se calcula en base a la superficie oficial del INE. [NO se considera la mancha urbana en este caso]. Se calculó el crecimiento promedio anual de la MANCHA urbana en el periodo 2012/2001.,"Estimaciones ONU-HABITAT en base a datos de Imágenes CENTINEL 2A, Open Street Map y Google Earth. INE - Cartografía censal, , INE - CNPV 2012 y 2001"
